{"Tamanho da fila de prioridade": 1, "_timestamp": 1720293768.230407, "_runtime": 1327.351047039032, "_step": 23999, "Penalidade": 1.4546842105263156, "Yard": 0.0, "_wandb": {"runtime": 7354}}