{"Tamanho da fila de prioridade": 2, "_timestamp": 1720290807.6025503, "_runtime": 19.957407236099243, "_step": 23999, "Penalidade": 0.0, "Yard": 0.0}