{"Tamanho da fila de prioridade": 1, "_timestamp": 1720300283.717182, "_runtime": 386.32082986831665, "_step": 23999, "Penalidade": 0.0, "Yard": 0.0, "_wandb": {"runtime": 1458}}