{"Tamanho da fila de prioridade": 2, "_timestamp": 1720306456.503235, "_runtime": 21.900224208831787, "_step": 23999, "Penalidade": 0.0, "Yard": 10.0}