{"Tamanho da fila de prioridade": 1, "_timestamp": 1720290577.6367376, "_runtime": 500.14619970321655, "_step": 23999, "Penalidade": 0.007719298245614035, "Yard": 0.0, "_wandb": {"runtime": 44}}