{"Tamanho da fila de prioridade": 3, "_timestamp": 1720302682.1841667, "_runtime": 1290.2563636302948, "_step": 23999, "Penalidade": 0.04715789473684208, "Yard": 0.0, "_wandb": {"runtime": 4952}}