{"Tamanho da fila de prioridade": 1, "_timestamp": 1720284031.2862046, "_runtime": 16.15377950668335, "_step": 23999, "Penalidade": 0.0, "Yard": 0.0, "_wandb": {"runtime": 88}}